course,learning_style,study_hours,problems_completed,time_per_problem,test_score
Algebra,Visual,3.006301913,8,4.47022107312782 minutes,64.21507328
Precalculus,Auditory,3.420089912,15,4.71498034871565 minutes,40.95722105
Geometry,Visual,4.973029639,17,2.48529359046541 minutes,68.68881949
Calculus,Kinesthetic,6.669562168,42,2.59407872904447 minutes,53.83409822
Calculus,Kinesthetic,0.626643063,16,4.58399380648794 minutes,33.88539529
Algebra,Visual,6.060860184,15,2.40113622391023 minutes,73.98826999
Geometry,Kinesthetic,4.374588604,18,1.90499860362036 minutes,56.07349976
Calculus,Visual,14.04051843,84,3.37687887663465 minutes,86.68204371
Geometry,Visual,6.027797357,18,3.00425389594121 minutes,69 percent
Geometry,Visual,4.329561037,12,2.54227125666063 minutes,60.81681531
Statistics,Visual,11.59478229,44,3.01951057453446 minutes,84.29263325
Geometry,Visual,9.248339036,34,2.43230027374515 minutes,79.65804936
Precalculus,Visual,3.562576367,16,3.89049349924041 minutes,47%
Geometry,Visual,5.703547934,17,3.49936810457342 minutes,52.75600133
Algebra,Visual,4.183129622,12,2.19691604987463 minutes,67.21406208
Calculus,Kinesthetic,7.467627866,37,2.82267767824901 minutes,54.25334807
Algebra,auditory,4.341314093,19,2.08410466391496 minutes,66.22230348
Algebra,Auditory,2.107149306,5,2.92466075756735 minutes,40.75989932
Algebra,Visual,4.92838437,13,2.61498141130832 minutes,59.34594735
Statistics,auditory,8.998494726,23,3.75381151051312 minutes,71.19203878
Calculus,Auditory,7.08977499,36,2.93756074992625 minutes,70.16953057
Precalculus,Kinesthetic,4.674146579,15,3.01356040698184 minutes,58.30311938
Precalculus,Auditory,8.297144013,21,1.61640369097279 minutes,65.59489277
Statistics,Auditory,7.296792481,22,3.23035462159483 minutes,63.40434618
Precalculus,Kinesthetic,1.703010363,15,5.9892680609799 minutes,46.36730884
Precalculus,Visual,6.457113947,17,2.21219448862433 minutes,72.11459625
Geometry,Visual,7.480320852,21,1.60970436198846 minutes,82.83143475
Geometry,Visual,7.122914525,14,2.66151933971896 minutes,78.25896719
Algebra,Visual,5.129927406,16,3.48709351980311 minutes,67.39582829
Algebra,Auditory,5.081831211,10,5.7023495261184 minutes,60.96390572
Statistics,Auditory,3.106129576,10,16.5554606238147 minutes,0
Calculus,Auditory,8.250328917,34,5.5789681168536 minutes,56.37315606
Precalculus,Visual,4.09110213,8,6.13935789793031 minutes,41.54613889
Precalculus,Visual,5.083963864,19,8.23207727180733 minutes,42.38270855
Algebra,Auditory,5.403405526,13,171 seconds,75.60174325
Geometry,Visual,3.294660332,9,3.57612906236029 minutes,59.87023772
Precalculus,Visual,6.533836502,14,4.04549406208566 minutes,55.23967206
Algebra,Auditory,4.642498059,8,2.11813023471981 minutes,61.92416504
Algebra,VISUAL,4.582367955,12,1.48508142251123 minutes,62.59973325
Algebra,visual,7.233283233,12,5.58349122670112 minutes,59.72557724
Algebra,Kinesthetic,1.966479007,12,2.29432897072113 minutes,53.43695452
Geometry,KINESTHETIC,4.909195392,15,2.17763779083405 minutes,70.21278504
Geometry,Visual,4.866604149,15,2.1518766149665 minutes,62.93494924
Geometry,Visual,4.608751634,16,3.3834236834797 minutes,67.17034207
Algebra,Visual,5.196136851,11,3.87840002534745 minutes,67.69730305
Algebra,Visual,2.969399114,11,187 seconds,55.90276639
Algebra,Visual,2.529823625,8,3.78136309519871 minutes,66.20271436
Geometry,Visual,4.258278687,13,4.99221100712316 minutes,53.80941912
Algebra,Kinesthetic,6.127635725,19,2.09672774876115 minutes,64.69682776
Calculus,Kinesthetic,7.139411937,42,2.40654470264042 minutes,64.10114619
Algebra,Auditory,4.497151597,7,3.78497015631973 minutes,49.41362285
Geometry,Audio,4.215230043,16,2.57025373445226 minutes,66.96464644
Precalculus,Kinesthetic,5.940985464,28,2.72340245938239 minutes,55.89939741
Algebra,Auditory,2.572480685,3,213 seconds,61.75269669
Geometry,Visual,6.7368657,15,5.091536811314 minutes,43.20013049
Algebra,Visual,5.37705789,19,0.987680983411309 minutes,66.57943663
Algebra,Auditory,2.790320766,1,7.01264410861762 minutes,33.29789988
Precalculus,Visual,6.109106492,31,2.54186944055727 minutes,61.89691602
Calculus,Visual,9.790829049,46,6.97813138044195 minutes,65.89055128
Geometry,Kinesthetic,4.836596473,13,2.47099393286402 minutes,61.64127966
Precalculus,Auditory,8.463868032,23,3.95518780275117 minutes,67.71151568
Algebra,Visual,3.580518368,18,3.45430722894263 minutes,66.6263404
Geometry,Visual,6.674204923,24,2.88821816869963 minutes,71.01229072
Algebra,Visual,6.054822015,21,3.10106692010602 minutes,76.69399502
Calculus,Visual,7.59379217,24,9.15735085441874 minutes,42.5294343
Geometry,Kinesthetic,NA,12,4.49497763358716 minutes,53.64092287
Calculus,Auditory,4.777137023,17,6.15410826235231 minutes,29.10946507
Calculus,Visual,9.144467395,37,7.02507982342415 minutes,43.6630338
Precalculus,Kinesthetic,4.857746533,25,3.58180777678467 minutes,38.78016495
Geometry,Visual,7.668654,16,3.55515052315765 minutes,66.42449003
Precalculus,Kinesthetic,6.070275921,20,4.63375546080401 minutes,66.22828724
Precalculus,Kinesthetic,4.25611025,14,3.57735817354049 minutes,45.62777088
Precalculus,Kinesthetic,2.948915503,16,4.63876035382236 minutes,48.83739315
Algebra,Kinesthetic,2.626397488,7,2.82646737047685 minutes,59 percent
Geometry,Kinesthetic,4.514332589,8,3.23785687417849 minutes,58.8342889
Algebra,Auditory,3.323598029,7,4.17793357411291 minutes,50.56180449
Geometry,Visual,5.77134518,17,2.30008616780353 minutes,63.95398121
Precalculus,Visual,5.331323896,21,478 seconds,37.66393477
Geometry,Visual,4.841660137,8,2.95959314853611 minutes,61.99707746
Algebra,Visual,3.404235491,10,2.96833931428961 minutes,71.22802458
Algebra,Visual,7.357565377,17,4.21772442911125 minutes,60.84607112
Precalculus,Visual,6.665243463,24,3.17012170198088 minutes,64.65897423
Geometry,Visual,5.345950461,17,4.8421561562836 minutes,58.46151205
Precalculus,Visual,2.61627517,11,3.68775079175065 minutes,57.57571263
Algebra,Auditory,4.989687849,13,3.27269764077074 minutes,60.44997611
Geometry,Visual,3.464564617,7,3.69336007214566 minutes,60.22803434
Statistics,Auditory,3.716956851,11,3.68872193443961 minutes,42.01836188
Calculus,Visual,10.29585293,48,162 seconds,79.38736348
Calculus,Kinesthetic,5.868248384,25,2.80094424430861 minutes,58%
Algebra,Visual,NA,8,5.47285657908589 minutes,37.62868917
Algebra,Kinesthetic,6.154856165,17,1.92181647415104 minutes,51.7281207
Precalculus,Visual,1.245186149,8,5.23476559296772 minutes,37.84288365
Algebra,Visual,5.359217295,10,2.2287200229431 minutes,74.02773482
Precalculus,Visual,8.034498498,26,3.19119501926116 minutes,71.76141913
Algebra,Auditory,3.0535482,7,2.18734321123776 minutes,57.20949116
Algebra,Auditory,4.666430577,8,1.14731406285645 minutes,69.06901677
Precalculus,Kinesthetic ,5.878260777,31,5.42867735241425 minutes,53.62607506
Algebra,Auditory,5.560934729,12,4.40887962165515 minutes,52.9423822
Geometry,Visual,NA,8,4.56435793749187 minutes,58.08605532
Geometry,Visual,4.632674331,13,1.36888788130186 minutes,69.92145467
Geometry,Auditory,5.873988087,11,4.73947125552869 minutes,50%
Algebra,Auditory,5.200933535,16,3.81742341167171 minutes,62.81784473
Geometry,Visual,3.595146449,9,3.71929594305013 minutes,58.50292014
Statistics,Visual,3.198425132,16,6.43525142936392 minutes,48.96528596
Geometry,Auditory,4.74041631,13,5.76290947507273 minutes,55.40494704
Calculus,Auditory,6.815094063,23,273 seconds,56.64092375
Calculus,Auditory,5.036152219,18,12.0638994358393 minutes,20.57929116
Precalculus,Kinesthetic,5.167861359,24,4.18804088606503 minutes,54.06067656
Geometry,Auditory,NA,12,6.83814538712416 minutes,43.23236199
Algebra,Auditory,4.241839527,15,2.91163214102574 minutes,52.12187608
Calculus,Visual,6.437679031,38,3.70534545510506 minutes,64.49766224
Algebra,Kinesthetic,4.935746411,15,1.6340005448676 minutes,63.84185502
Algebra,Visual,8.136733712,13,2.99321067669504 minutes,91.98639414
Calculus,Visual,5.710051891,13,5.81440027670453 minutes,41.16399614
Precalculus,Visual,8.115328342,30,2.92194708315434 minutes,47.8014555
Algebra,Visual,5.737724592,16,2.08034857302332 minutes,82.49923963
Geometry,VISUAL,4.894708664,14,2.96081396436529 minutes,58.72844735
Statistics,Kinesthetic,4.092707252,17,7.89963385584488 minutes,43.04795532
Geometry,Visual,7.36296156,20,1.82040238937467 minutes,77.06529821
Geometry,Visual,1.991813273,8,3.6279476364754 minutes,60.82991286
Precalculus,Visual,4.713610417,14,2.28401282598662 minutes,56 percent
Algebra,Visual,2.344734835,3,2.82892856481737 minutes,46.19251318
Algebra,Auditory,6.092970158,9,3.0192218670105 minutes,73.58304521
Algebra,Visual,4.213944851,11,2.74989072434333 minutes,56.32147944
Geometry,visual,4.212993201,26,2.26739251116373 minutes,54.08087061
Statistics,Auditory,11.86808895,50,1.8479952827636 minutes,92.2974741
Algebra,Kinesthetic,3.424944098,14,2.39429655929879 minutes,60.58725841
Algebra,Auditory,3.334376032,7,6.46904847341007 minutes,61.92370461
Algebra,Visual,4.949797875,14,2.54054107945984 minutes,70.08535795
Precalculus,Auditory,2.363150758,10,3.21905261855812 minutes,47.40061032
Precalculus,Auditory,6.480605285,24,2.32479080283411 minutes,61.54150108
Calculus,Kinesthetic,NA,35,1.43965227090995 minutes,79.36779711
Precalculus,Auditory,6.437050245,16,1.98503713712989 minutes,56.93269402
Precalculus,Auditory,3.535258728,14,3.48078011699174 minutes,57.97487332
Geometry,Kinesthetic,2.465524237,8,2.30908527054526 minutes,60.01258336
Precalculus,Kinesthetic,3.613170673,17,2.08994569547561 minutes,53.76181172
Calculus,Visual,6.080026067,22,603 seconds,43.68224082
Precalculus,Visual,8.598099933,30,5.54031099402799 minutes,55.65472376
Statistics,Visual,9.158291124,25,8.61345081408133 minutes,52.0604393
Geometry,Visual,NA,12,4.62338868453705 minutes,59.21397574
Algebra,Kinesthetic,2.961595159,8,2.82388805926277 minutes,75.28511718
Geometry,Visual,4.506441754,16,127 seconds,71.22683131
Algebra,Visual,4.603854717,11,2.03048381437098 minutes,81.69480572
Algebra,Kinesthetic,3.645356351,21,1.90831755028414 minutes,58.92474705
Calculus,Visual,8.725085969,33,6.01564719821294 minutes,41.36568525
Algebra,Visual,3.379981588,11,4.37699529410756 minutes,62.51154703
Algebra,Auditory,2.729655417,11,5.46350565797505 minutes,34.39708386
Algebra,Auditory,5.795616496,8,3.27417018969801 minutes,52.2463513
Algebra,Visual,3.677058958,9,1.857155918953 minutes,70.55794062
Precalculus,Visual,6.60609139,27,3.55091519491046 minutes,63.86196821
Calculus,Kinesthetic ,6.857573665,34,2.95187190306859 minutes,66.77864499
Geometry,Visual,3.563225912,19,2.86143232717237 minutes,72.91493022
Geometry,Kinesthetic,NA,20,5.86034830021978 minutes,57.21061533
Algebra,Kinesthetic,3.75965731,5,4.53558367800553 minutes,53.69072682
Algebra,Auditory,6.099675034,13,2.84024249589173 minutes,71%
Geometry,Visual,5.176189377,12,1.55049560343928 minutes,70.59195232
Geometry,Visual,4.502681363,13,3.00550320889792 minutes,75.81900085
Algebra,Kinesthetic,3.91744237,12,3.89247853467631 minutes,56.33765492
Geometry,VISUAL,3.221612526,12,255 seconds,60.20787532
Algebra,VISUAL,3.24615892,15,3.50218766595666 minutes,51.90348256
Geometry,Visual,5.765409877,15,4.64884955404113 minutes,59.44983054
Geometry,Visual,4.500318648,9,206 seconds,43.46886764
Precalculus,Auditory,5.368078107,20,3.42857483597331 minutes,59.94930005
Geometry,Visual,NA,14,177 seconds,51.50663479
Geometry,VISUAL,4.024231072,21,4.13642961558882 minutes,56.7249915
Geometry,Visual,1.971967011,6,4.08444093031395 minutes,47.50894926
Precalculus,AUDITORY ,6.19766994,17,5.32090829266193 minutes,60.65781117
Algebra,Visual,5.642459261,17,1.65534699202695 minutes,68.01802385
Geometry,Visual,3.066925647,14,2.14087614505266 minutes,56.9145326
Algebra,Kinesthetic,5.723604078,14,2.4296827400112 minutes,50.93032015
Precalculus,Visual,NA,18,4.61599772352359 minutes,64.25815377
Algebra,Visual,6.512460442,12,143 seconds,80.13697946
Calculus,Auditory,5.107073822,19,4.32643857056059 minutes,47.64050918
Precalculus,Kinesthetic,5.333562577,24,0.898393103676165 minutes,80.23886502
Precalculus,Visual,5.799972082,22,3.95846447646412 minutes,56.7945065
Precalculus,Auditory,7.037014864,31,2.27180186469325 minutes,60.88396107
Geometry,Kinesthetic,NA,6,4.12778891856308 minutes,51.00026459
Geometry,Visual,4.984853492,12,5.93225657010506 minutes,56.91823184
Calculus,Visual,3.553352128,19,4.37117436683069 minutes,35.43771669
Geometry,Kinesthetic,2.833567836,8,4.42692679021191 minutes,35%
Calculus,Visual,8.312584709,23,3.77665613455512 minutes,63 percent
Algebra,Visual,3.440517761,9,243 seconds,60.13546745
Precalculus,Auditory,5.412861028,20,2.47417395569809 minutes,44.01313307
Algebra,Kinesthetic,2.798111039,10,3.41354065482175 minutes,40.8853008
Geometry,Kinesthetic,4.910395204,25,3.90376207606222 minutes,60.89738884
Geometry,Visual,6.752732463,15,5.97689342321131 minutes,63.40189929
Algebra,Visual,3.266247881,8,2.25337524188542 minutes,59.69630775
Geometry,Kinesthetic,3.539445162,16,3.41507142957235 minutes,65%
Calculus,Auditory,11.09940315,46,2.662547240982 minutes,68.73847036
Calculus,Auditory,2.002691865,5,10.6016939049784 minutes,11.64166595
Algebra,visual,4.020243312,8,195 seconds,71.44488817
Algebra,Auditory,7.097056426,20,2.42250774773669 minutes,71.53371849
Statistics,Visual,10.38718014,36,3.49296628504108 minutes,77.03582376
Precalculus,Kinesthetic,5.313190647,26,3.70195797404962 minutes,50.16368966
Calculus,Visual,5.840977623,26,4.93139898432737 minutes,52.30044355
Geometry,Visual,5.248186129,14,3.8427870441282 minutes,55.71934307
Geometry,Auditory,3.520838406,9,4.95152679007217 minutes,34.508228
Precalculus,Visual,8.905634565,28,3.07788882304347 minutes,64.29048363
Algebra,Kinesthetic,2.290276016,7,3.32715597595864 minutes,50.74619804
Geometry,Visual,NA,20,4.1667864833655 minutes,62.67389383
Algebra,Kinesthetic,4.429775112,11,3.45991595690398 minutes,67.23378107
Statistics,Kinesthetic,3.484979679,14,318 seconds,46.97443164
Precalculus,Auditory,7.203049363,17,5.81268147407875 minutes,52.40875899
Geometry,Kinesthetic,2.878105044,14,220 seconds,61.50864459
Geometry,Visual,5.945359744,17,2.77025601973138 minutes,86.7739417
Calculus,Kinesthetic,9.741654083,49,1.64727659406954 minutes,72.81759585
Geometry,Visual,3.517335616,13,2.91291968176518 minutes,69.48271703
Algebra,Visual,6.161992561,18,1.83640280385746 minutes,77.78215004
Algebra,Audio,3.265700693,6,227 seconds,53.25682208
Algebra,Auditory,4.441530083,11,2.84789180885431 minutes,46.79989752
Geometry,Visual,NA,11,3.11105283414184 minutes,55.52697717
Algebra,Kinesthetic,2.85920542,12,1.83352881142557 minutes,57.05479492
Algebra,Visual,4.902154305,12,2.37437465285559 minutes,58.57107775
Precalculus,Auditory,3.039138149,8,6.30266028066069 minutes,29.68887847
Algebra,Visual,4.295794692,8,3.74846529849641 minutes,56.03389539
Precalculus,Kinesthetic,6.651581663,29,2.12866218192112 minutes,74.93301305
Geometry,Visual,1.738813026,10,6.16392939705546 minutes,34.52355658
Geometry,AUDITORY ,2.268110719,10,2.29485318392228 minutes,58%
Calculus,Visual,5.095156106,23,5.71921855921327 minutes,44.77123516
Calculus,Kinesthetic,3.027275765,15,8.87662358740909 minutes,30.72425962
Algebra,Visual,5.129374559,9,2.73121317109839 minutes,66.11383372
Statistics,Visual,4.0141433,12,5.54606941213482 minutes,48.20062474
Precalculus,Visual,1.670905829,10,4.02959425199846 minutes,42.57905811
Precalculus,Kinesthetic,3.72486247,21,3.10244418831345 minutes,62.31069611
Algebra,Kinesthetic,2.914047123,8,251 seconds,60.25603926
Geometry,Visual,6.285178211,14,2.10249082001873 minutes,70.58267272
Geometry,Visual,3.344371796,8,3.19487175187679 minutes,83.34737822
Geometry,Visual,6.741933884,14,3.66482320158358 minutes,65.29574681
Precalculus,Kinesthetic,5.796725431,22,3.29555321891215 minutes,83.10667495
Calculus,Auditory,8.405880394,26,5.92091167692271 minutes,51 percent
Precalculus,visual,4.294948659,9,7.46858511728667 minutes,27.20512996
Geometry,Visual,7.93050182,19,3.5341857640588 minutes,58.27857567
Geometry,Visual,4.753593752,17,2.03129664403191 minutes,60.45815353
Algebra,Auditory,1.262653624,10,269 seconds,59.27042776
Algebra,Visual,4.194215293,13,2.64029310297853 minutes,78.46812423
Geometry,Visual,2.098333894,10,4.02798595440411 minutes,54.50844548
Algebra,VISUAL,4.034234826,15,4.35831720315772 minutes,60.43804676
Calculus,Auditory,6.444432492,25,5.33194676624214 minutes,45.26194144
Algebra,Kinesthetic,4.522744536,9,2.88721348241341 minutes,55.25235792
Calculus,Visual,10.52374046,48,2.86569815355804 minutes,67.77879462
Geometry,Visual,3.910842553,17,3.82161204471897 minutes,51.19737352
Precalculus,Visual,7.612217737,23,1.92211391955513 minutes,68.55687056
Algebra,Auditory,6.136484665,17,2.46443757632325 minutes,64.17305849
Precalculus,Visual,4.43171199,10,8.37767975017554 minutes,40.99054639
Algebra,Kinesthetic,2.52139345,9,3.83716261663087 minutes,58.02913781
Precalculus,Visual,7.301556726,21,2.17590341090825 minutes,83.64885157
Geometry,Visual,5.274571955,15,1.91880300735444 minutes,49.2400132
Statistics,Auditory,6.597549921,23,2.69629051472752 minutes,71.20383169
Statistics,Auditory,NA,19,4.79541975563345 minutes,60.03119144
Precalculus,Auditory,6.274166239,20,4.47463446434186 minutes,54.78932023
Algebra,Kinesthetic,5.077551905,12,1.96885497757877 minutes,53.37967505
Algebra,Auditory,4.934358194,9,3.09615828701257 minutes,61.59599318
Geometry,Visual,5.650430585,21,252 seconds,55.37560719
Algebra,Visual,5.079126657,11,2.72368995130619 minutes,69.10385221
Geometry,Visual,6.936984957,10,3.09662627980188 minutes,58.24716962
Precalculus,Kinesthetic,2.995480253,14,4.11330538805799 minutes,75.72756551
Algebra,Visual,2.842225906,12,3.1384225877884 minutes,52.98993155
Geometry,Visual,5.887919005,19,2.14397250635009 minutes,67.87347782
Geometry,Auditory,4.320465504,7,3.66540864824961 minutes,45.54772426
Calculus,Audio,7.685013029,33,2.72306761187897 minutes,61.29795973
Calculus,Visual,9.853193443,44,3.83204940133372 minutes,84.79881031
Calculus,Auditory,9.38323762,35,6.47387232043416 minutes,50%
Precalculus,Visual,5.474658993,23,3.77899706269584 minutes,64.98645159
Statistics,Auditory,4.874912262,13,6.83175602330071 minutes,37.25919035
Geometry,Kinesthetic,4.110397914,17,2.03690837297714 minutes,75.10638527
Geometry,Visual,6.594526684,11,2.98298206422308 minutes,70.75592119
Algebra,Auditory,4.63903073,12,194 seconds,55.6408577
Algebra,kinesthetic,5.649511266,20,1.20218120446499 minutes,74.29213222
Algebra,Visual,4.488544694,13,3.16250871534488 minutes,60.39358933
Geometry,Auditory,6.188501408,11,4.31045372307045 minutes,62.75382631
Calculus,Visual,10.20750578,53,3.91862678193081 minutes,62.33603668
Algebra,Auditory,NA,10,5.93508612033045 minutes,54.45438119
Algebra,Visual,5.12205106,8,110 seconds,81.73332495
Algebra,auditory,3.580176404,13,4.51898508985964 minutes,63.89376566
Precalculus,Kinesthetic,4.781924982,23,3.86986615999479 minutes,57.44944941
Precalculus,Auditory,5.958790991,13,3.88952014824848 minutes,59.92548195
Statistics,Visual,6.097777781,14,5.25448655602403 minutes,59.7226729
Geometry,Kinesthetic,5.414836703,19,1.36959093352524 minutes,76.23296289
Algebra,Visual,4.336024315,12,3.41343567857037 minutes,64.96858332
Precalculus,Visual,5.859246157,14,1.08154423308172 minutes,75.29481
Precalculus,Visual,5.031361825,16,4.32733506451598 minutes,60.87119656
Algebra,Kinesthetic,3.292495507,12,5.12824383019072 minutes,51.23546227
Geometry,Kinesthetic,3.896851537,12,5.36939315109824 minutes,54 percent
Algebra,Auditory,0.529396339,7,1.63199312796639 minutes,56.49655781
Algebra,Auditory,1.952752454,4,6.13502182894141 minutes,48.26039865
Geometry,Visual,4.891269635,21,2.56712733990959 minutes,62.80678111
Algebra,Auditory,3.602074338,13,3.49079228940876 minutes,59.50935621
Algebra,Auditory,2.198696008,8,1.74073192789814 minutes,60.38519893
Algebra,Visual,1.512692736,6,4.9130946902568 minutes,38.37384709
Precalculus,Auditory,4.79126156,14,214 seconds,65.41047746
Algebra,Kinesthetic ,NA,11,3.01716289376162 minutes,51.28721179
Algebra,Auditory,6.659857948,16,2.67036852290773 minutes,79.90884458
Algebra,Visual,4.442314809,11,2.10956670840212 minutes,59 percent
Calculus,Kinesthetic,10.7329621,61,2.6243856566816 minutes,64.85959806
Precalculus,Visual,6.166044315,24,4.15788468823399 minutes,67.32730744
Calculus,Visual,8.288830261,29,3.88447118145188 minutes,61.73382365
Statistics,Kinesthetic,5.649650627,15,4.26827994576806 minutes,42%
Algebra,Auditory,2.694134132,13,3.06462345756305 minutes,69.42137655
Algebra,Kinesthetic,3.422422681,14,4.33094880564374 minutes,33.44819264
Precalculus,Auditory,7.316895398,25,2.93422153467086 minutes,60.7894338
Precalculus,Visual,4.500548426,15,3.15808124486924 minutes,46.77409751
Algebra,Visual,4.017590895,9,5.15574328867862 minutes,48.78501935
Precalculus,Auditory,3.204458499,11,7.88138212473886 minutes,34.64978673
Precalculus,Kinesthetic,5.708704393,25,3.5690623016577 minutes,56.10147519
Precalculus,Auditory,6.349599565,22,4.00221969817219 minutes,54.64076957
Geometry,visual,5.972521027,22,5.23546040819802 minutes,57.08557674
Algebra,Visual,2.670284953,7,2.56605322756467 minutes,61.80314738
Algebra,Visual,4.660852552,9,5.18836747836555 minutes,47.96034009
Geometry,Kinesthetic,2.583913463,12,6.14306941088962 minutes,24.98350427
Geometry,Visual,4.999423027,25,2.87872803997196 minutes,58.35116811
Geometry,Visual,7.01393588,17,3.5289453835384 minutes,51.85531111
Geometry,Visual,4.24471207,16,249 seconds,62.5902518
Precalculus,Kinesthetic ,6.433366642,24,4.26757399621845 minutes,72.6310152
Algebra,Visual,3.375497124,9,2.48943231840893 minutes,53.22507331
Geometry,Kinesthetic,3.282207684,15,4.0593583228495 minutes,45.20236853
Calculus,Visual,9.096804376,42,1.68418358278803 minutes,67.28460575
Calculus,Kinesthetic,5.302219324,18,9.29559569844152 minutes,35.2136061
Algebra,Visual,1.945552747,9,2.9997836988014 minutes,57.02325982
Geometry,Visual,6.897752653,23,2.30279251535446 minutes,76.47895559
Calculus,Visual,8.900893095,45,220 seconds,72.21291542
Calculus,Kinesthetic,5.540901399,28,2.18366825508886 minutes,61.20214484
Algebra,Visual,1.508881819,8,3.56117956127762 minutes,56.70181314
Algebra,Kinesthetic,6.353314657,27,1.96183079390885 minutes,62.73205488
Precalculus,Visual,12.78074164,64,1.61830467622539 minutes,89.50749095
Algebra,Kinesthetic,3.811220611,11,6.04196887516822 minutes,41.88606826
Algebra,Visual,5.774709971,13,1.4004532141831 minutes,63.31349963
Statistics,visual,8.449120624,28,2.98489522294993 minutes,63.93323341
Algebra,Visual,3.44729335,10,5.47230780555352 minutes,58.42356435
Algebra,Visual,3.973205656,8,150 seconds,53.10753463
Calculus,Auditory,3.182197408,12,6.3222321967799 minutes,32.12678859
Precalculus,Auditory,4.026843535,12,10.3267172287367 minutes,34.31560839
Algebra,Visual,5.433614674,9,1.50040452333664 minutes,74.12424982
Precalculus,Auditory,4.918568022,15,3.1251593450391 minutes,63.33232671
Calculus,AUDITORY ,6.964471165,14,3.30488099954436 minutes,59.96683938
Algebra,visual,4.331160673,14,3.8893341363475 minutes,59.20371304
Geometry,Visual,2.204499526,8,2.98624716458982 minutes,37.56019327
Precalculus,Auditory,7.175259868,20,4.33719852412401 minutes,54.85221477
Precalculus,auditory,2.613014222,7,4.44227374721212 minutes,33.97530143
Precalculus,Kinesthetic,4.582859675,18,2.92629479468603 minutes,54.56061266
Statistics,Visual,5.122873076,18,5.75594108269028 minutes,69.04959188
Geometry,Visual,4.672109275,14,3.47010026182858 minutes,62.02982597
Algebra,Visual,6.689948917,25,1.07755678042008 minutes,73.43576456
Geometry,Visual,4.126910123,8,3.09563595285061 minutes,66.63594475
Algebra,Visual,NA,7,4.94961587880973 minutes,55.68422855
Geometry,Kinesthetic,1.720519008,13,6.67433147072807 minutes,37%
Geometry,Auditory,3.291452878,10,2.69129658657261 minutes,55.83608166
Statistics,Auditory,3.167630585,15,4.74467471140787 minutes,48.09425912
Geometry,Kinesthetic,4.611919294,20,2.40040500189956 minutes,62.49038534
Algebra,Auditory,2.705493631,5,3.39994364402748 minutes,58.49547987
Precalculus,Auditory,6.10808407,19,2.20915391621848 minutes,66.44204474
Algebra,Visual,4.280358768,12,6.55523103599801 minutes,44.15580768
Statistics,Auditory,2.63287564,9,10.8486834163607 minutes,28.77018267
Geometry,Visual,3.814088321,13,1.98737876090312 minutes,58.91564616
Algebra,Visual,5.827668683,15,1.29937130046303 minutes,85.16337653
Precalculus,Visual,7.806152172,21,2.78984290283971 minutes,61.78771516
Statistics,Visual,10.01114655,32,3.31178362667869 minutes,82.25413537
Precalculus,Visual,5.992839383,27,3.05198511437046 minutes,74.8331445
Geometry,Auditory,2.256259779,6,7.78668568685692 minutes,43.10910397
Algebra,VISUAL,3.347374459,12,2.98256163539028 minutes,60.23575094
Calculus,Auditory,8.521221262,32,153 seconds,72.1556496
Algebra,Auditory,6.850204502,12,5.6080628265818 minutes,40.28697602
Algebra,VISUAL,4.665013685,13,2.75488110560436 minutes,69 percent
Calculus,Kinesthetic,9.850967063,52,2.22841202111576 minutes,70.75035032
Algebra,VISUAL,5.652121957,17,2.43400402695972 minutes,74.8640013
Geometry,Visual,3.247862567,4,4.74764694380465 minutes,49.82745497
Precalculus,Visual,5.657774695,19,1.40595029538001 minutes,79.86620757
Algebra,Visual,6.457892305,15,3.51583502329934 minutes,66%
Algebra,Auditory,5.314144164,18,4.00152607245191 minutes,67%
Geometry,Visual,5.695694212,18,3.78408313435459 minutes,62.08857128
Geometry,Visual,5.715671368,14,159 seconds,72.07855599
Geometry,Visual,4.26289205,8,3.96407534631231 minutes,46.54247372
Algebra,Visual,2.52092203,8,2.11844575528276 minutes,66.2727519
Calculus,Auditory,10.73856448,39,3.99388345411312 minutes,63.82079209
Geometry,kinesthetic,1.869670762,10,145 seconds,57.3806574
Geometry,Kinesthetic,2.59165612,10,5.46137476061362 minutes,36.82477869
Statistics,Kinesthetic,6.257929985,15,2.27874964902926 minutes,70.18071983
Precalculus,Visual,3.475610901,18,1.76204586450398 minutes,86.40636335
Algebra,Kinesthetic,2.67219438,8,196 seconds,66.49855132
Algebra,Visual,2.72580074,10,1.84414119424586 minutes,71.47465325
Statistics,visual,7.241327115,23,2.39236290088183 minutes,67.11590793
Geometry,Visual,5.669469525,15,4.24181930782717 minutes,63.12304648
Precalculus,Visual,6.843769387,24,6.69944893101007 minutes,50.70154857
Geometry,Auditory,5.163697158,19,2.96777002568226 minutes,47.14432846
Precalculus,Visual,7.114491493,23,4.65723761946096 minutes,58.77009657
Geometry,Auditory,5.459034738,12,2.08520126185547 minutes,63.4693255
Calculus,Visual,3.078346108,17,672 seconds,17.85994959
Algebra,Visual,4.276775458,11,3.19919652414296 minutes,58.09381655
Algebra,Kinesthetic,3.668695719,15,1.84313133214692 minutes,69.33161181
Algebra,Visual,5.587014304,13,3.3868575699181 minutes,80.68592211
Algebra,Visual,2.718770886,10,2.56225585241222 minutes,69.98684683
Statistics,Kinesthetic,4.00079962,18,3.61098102061264 minutes,60.67287334
Algebra,Auditory,2.389535514,7,4.48784062207791 minutes,49.70135362
Precalculus,Visual,8.114480425,27,277 seconds,64.43674993
Precalculus,Visual,8.558145166,26,2.27390152040181 minutes,83.44744809
Algebra,VISUAL,5.681515088,18,2.29258129424453 minutes,81.11997068
Algebra,Kinesthetic,1.666394926,5,224 seconds,43.85687391
Algebra,Auditory,4.677928175,12,4.87351792563135 minutes,62.4940236
Algebra,Visual,6.22567378,15,5.77655756189575 minutes,48.31084209
Algebra,Visual,4.751911471,14,5.57485583844744 minutes,45.16323709
Statistics,Auditory,4.367781334,16,7.0809617493852 minutes,55.86151305
Statistics,Auditory,3.327763519,13,2.49083177483856 minutes,59%
Algebra,Visual,3.502045807,9,306 seconds,52.55472287
Calculus,Visual,9.78712089,34,4.58676548822639 minutes,71.61896861
Geometry,Visual,4.352508349,9,2.79437776773283 minutes,60.03826239
Geometry,Visual,5.34142241,14,2.53436786952975 minutes,59.56692005
Geometry,Kinesthetic,5.942418694,12,1.51282927238901 minutes,69.60643632
Precalculus,Auditory,6.656669881,14,3.99536590501268 minutes,45.115295
Algebra,Kinesthetic,5.547009172,15,2.37679838837471 minutes,62.89836672
Algebra,VISUAL,1.947630296,8,1.9191687634784 minutes,59.53015313
Precalculus,Kinesthetic,4.438647441,16,1.71125879781006 minutes,50.21072196
Algebra,Auditory,4.097602029,14,3.6251707086147 minutes,60.34558753
Calculus,Kinesthetic ,8.446473229,40,1.89369462045862 minutes,62.82025597
Algebra,Auditory,2.246190068,8,3.7385499537034 minutes,61.16556935
Geometry,Visual,6.209277283,10,4.91921513359276 minutes,55.7916822
Algebra,Visual,4.961085114,8,2.80744584892873 minutes,56.03660091
Algebra,Auditory,4.39570902,15,3.44834047767044 minutes,62.42745871
Statistics,Visual,7.016969583,20,4.63821373513559 minutes,61.69739486
Algebra,Visual,4.32546234,9,2.13446819216972 minutes,66.50608142
Geometry,Kinesthetic,5.388319148,14,4.26585359793944 minutes,58.25517204
Algebra,Visual,5.472344661,14,4.12133178373171 minutes,59.16751712
Geometry,Auditory,4.274685939,9,6.81963224248291 minutes,40.70321417
Precalculus,Auditory,7.580754039,22,2.90550816560123 minutes,71.92036563
Geometry,Visual,5.438838027,13,1.79062716569727 minutes,82.36565452
Algebra,Kinesthetic,4.503127099,8,3.42123870731944 minutes,42.75898646
Calculus,Auditory,6.014555896,21,6.51380970098006 minutes,42.168835
Precalculus,Visual,9.160863674,40,6.88752117695218 minutes,66.33024912
Algebra,Visual,4.494016583,14,5.96604238785345 minutes,43 percent
Geometry,Auditory,5.771764153,11,3.01690666724085 minutes,72.15101066
Algebra,KINESTHETIC,3.349825211,13,1.76832627338821 minutes,60.1846106
Calculus,Auditory,6.800925233,18,6.50284373525255 minutes,50.48627205
Statistics,Kinesthetic,6.568876491,27,6.27016108025464 minutes,64.12828666
Geometry,Visual,2.623075033,8,2.57612547889506 minutes,65.03347407
Algebra,Audio,4.717549222,16,2.32476407196502 minutes,75.70897698
Statistics,Kinesthetic,5.787132746,30,5.7616538298877 minutes,35.06056169
Algebra,Visual,0.5,12,7.91403253086598 minutes,24.10181552
Precalculus,Visual,6.736754657,16,3.79119584954805 minutes,66.82847654
Algebra,Auditory,0.747373379,7,2.44654990957061 minutes,46.03431205
Geometry,Auditory,5.489706565,21,2.54906301723391 minutes,61.38614574
Algebra,Auditory,3.3191294,11,5.92857810156921 minutes,58.11200902
Algebra,Auditory,2.957594762,8,9.62445781337708 minutes,31.41978237
Algebra,Visual,4.489730545,13,3.03253385025503 minutes,64.37390598
Geometry,Kinesthetic,NA,18,1.83736650338943 minutes,66.66811104
Precalculus,Visual,4.729353846,19,252 seconds,43.200017
Algebra,Visual,5.337154941,14,3.04676735285562 minutes,51.23537682
Calculus,Auditory,8.352894671,27,2.96112722893171 minutes,62 percent
Precalculus,Kinesthetic,2.640962742,17,4.40223599676895 minutes,49.5024885
Precalculus,Visual,2.517955965,14,7.79332325810701 minutes,24.69418923
Algebra,Visual,1.511121343,11,3.70049073268194 minutes,38.9683196
Geometry,Visual,5.826911317,11,253 seconds,70.38160471
Precalculus,Visual,5.930515877,16,4.03903128959477 minutes,63.22579138
Geometry,Visual,7.775857555,20,3.11024950705722 minutes,74.98897215
Algebra,Auditory,4.860512662,15,2.9399070057598 minutes,71.04619178
Algebra,Auditory,5.274543837,9,5.69607281799311 minutes,56.74777216
Algebra,VISUAL,6.501575378,13,3.02792677324026 minutes,61%
Algebra,Auditory,3.248921353,12,2.9897208211837 minutes,68.85950861
Calculus,Kinesthetic,8.275244821,36,3.80262315680882 minutes,50.09149273
Calculus,Visual,10.17198318,52,4.40062630633699 minutes,62.90962189
Precalculus,Audio,8.238703376,21,3.27235880711152 minutes,69.44921554
Algebra,Kinesthetic,4.643976719,7,0.976944939020163 minutes,70.18847442
Algebra,Visual,5.13172076,13,5.68661623103552 minutes,59.71469297
Statistics,Kinesthetic,3.263551905,14,2.88509444212739 minutes,62.75538923
Geometry,Kinesthetic,5.094340541,21,2.08103381470924 minutes,59.20746481
Geometry,auditory,5.250398809,6,8.15356143932934 minutes,29.05007141
Algebra,Visual,5.451375381,17,77 seconds,64.84402233
Geometry,Visual,5.635467568,6,2.43301527039391 minutes,69.79020338
Algebra,Kinesthetic,3.197242933,11,2.05264849360953 minutes,57.5351991
Algebra,Kinesthetic,3.384701152,11,1.62317763628058 minutes,66.72705931
Precalculus,Visual,7.374728227,24,4.79637278298963 minutes,70.37180979
Algebra,Visual,4.75744726,12,5.087002468376 minutes,50.86658453
Calculus,Auditory,5.424728564,20,389 seconds,49.19207878
Algebra,Auditory,3.56476132,9,3.22313126776938 minutes,52.76799338
Calculus,Visual,4.70218569,22,4.10228924896428 minutes,56.68730096
Geometry,Kinesthetic ,2.549452146,13,2.42427820197557 minutes,56.86628633
Precalculus,visual,5.71077786,10,3.33710859619624 minutes,53.3186805
Precalculus,Auditory,1.903734887,12,6.40261277929286 minutes,44.42653715
Geometry,Kinesthetic,1.467186288,12,4.70727268425327 minutes,50.31455824
Precalculus,Auditory,7.705130399,27,2.7157313140025 minutes,61.44766425
Algebra,Kinesthetic,2.635071614,7,3.58221811406204 minutes,52.79874564
Algebra,Kinesthetic,0.722462406,10,1.23378411291054 minutes,78.24388994
Precalculus,Kinesthetic,4.774273521,14,3.36897506445887 minutes,49.56903182
Algebra,Auditory,5.981603901,8,2.46018590462419 minutes,65.37123697
Calculus,Visual,9.655635742,47,4.89802093188016 minutes,74.38375322
Algebra,Kinesthetic,4.162074798,14,4.01169350614822 minutes,47.57298176
Precalculus,Kinesthetic,7.367491825,24,63 seconds,91.92068947
Calculus,Kinesthetic,5.071246397,23,5.58928420593025 minutes,38.5167235
Algebra,Visual,5.594533787,17,130 seconds,66.83491904
Algebra,Auditory,3.119371576,9,3.67961725237092 minutes,54.67928516
Precalculus,Visual,6.001528373,24,4.73321632684471 minutes,66.32499447
Geometry,Visual,8.321697979,20,3.31497943244466 minutes,97.56223706
Calculus,Kinesthetic,9.423585989,57,1.79696772969411 minutes,76.41894017
Statistics,Auditory,7.036015427,17,4.72861804597599 minutes,64.30361141
Algebra,Visual,2.837508132,7,3.16272537229114 minutes,46.69296407
Geometry,Auditory,3.32064612,11,6.77665194097958 minutes,43%
Precalculus,Kinesthetic ,9.568232961,39,1.07334447818166 minutes,60.81558174
Algebra,Visual,2.860048854,7,5.28587914507338 minutes,47.17874423
Statistics,Kinesthetic ,5.428958751,24,5.36701314024765 minutes,64.45237254
Algebra,Kinesthetic,4.838856589,18,0.80102543533787 minutes,70.14179627
Algebra,Visual,6.028136959,12,3.73017239651747 minutes,64.38335982
Precalculus,auditory,7.678224022,21,2.99857253193402 minutes,66.78675442
Precalculus,Visual,5.67374202,19,3.71162034151797 minutes,59.33523459
Geometry,Auditory,3.268519954,14,3.4956935372617 minutes,56.113073
Geometry,Auditory,4.039114151,9,5.46977204559179 minutes,36.03658512
Algebra,Visual,3.146852987,9,5.14653256507724 minutes,47.34178603
Algebra,Visual,5.440603115,15,3.56824794723835 minutes,61.91358098
Geometry,Kinesthetic,5.680532543,21,2.22708966911905 minutes,71.12428698
Algebra,Auditory,7.190820329,17,2.33547288869563 minutes,73.96528763
Geometry,Visual,5.549171574,13,3.02421510401858 minutes,58.62450073
Geometry,Visual,3.687827934,9,3.48701430308537 minutes,63.97137866
Calculus,Auditory,10.06118716,37,3.93365444286382 minutes,75.14379197
Algebra,Auditory,5.357138341,9,2.52605453788497 minutes,54.96104161
Geometry,Visual,4.642626956,9,4.59999222104112 minutes,56.58644267
Algebra,Kinesthetic,1.163217644,15,1.91433914845188 minutes,51.57624755
Calculus,Kinesthetic,8.903274738,51,1.4525385226055 minutes,67.43657566
Geometry,Visual,6.693716593,26,171 seconds,73.61318946
Precalculus,Visual,5.409784339,23,4.05971724503014 minutes,65.55455172
Algebra,Visual,5.304364228,11,275 seconds,62.39976957
Geometry,Visual,4.586164288,15,4.34043699100303 minutes,53.14267428
Precalculus,Visual,7.36463049,30,3.19372077685372 minutes,76.97635081
Algebra,Visual,4.324063928,15,3.92469824397149 minutes,68.68425007
Calculus,Visual,7.13831034,26,2.79246906033047 minutes,55.6483496
Algebra,Auditory,4.167430747,6,155 seconds,63.43011498
Geometry,Visual,4.574892028,17,1.93957186472071 minutes,58.07273972
Algebra,Auditory,3.113474253,10,3.90689868339125 minutes,66.08364503
Algebra,visual,4.026094603,17,3.8216813900471 minutes,62.61010285
Geometry,Kinesthetic,3.987771772,17,3.82124150378306 minutes,63.89266126
Precalculus,Visual,6.414990281,13,406 seconds,51.96718543
Calculus,visual,11.83105905,65,2.98235601383419 minutes,76.35102471
Algebra,Visual,2.463003254,12,3.26851553896905 minutes,63.78220239
Statistics,Visual,5.600761899,22,2.91998235623652 minutes,56.901916
Algebra,Visual,5.447284692,14,3.16530843605979 minutes,54.61966918
Calculus,Kinesthetic,11.40505226,74,2.06397399612706 minutes,72.1599699
Precalculus,Auditory,6.352028725,16,3.46961452905155 minutes,62.61019734
Geometry,Auditory,4.479369875,17,2.67147122337918 minutes,58.8741505
Calculus,Auditory,6.731107726,11,3.8185546686903 minutes,50.28732065
Algebra,Visual,5.121462246,13,1.99567782806684 minutes,77.10492832
Precalculus,Visual,7.97811584,20,5.62654593536538 minutes,54.55513146
Algebra,Visual,4.224212534,12,3.48266974317569 minutes,69.12035541
Calculus,Visual,8.409403517,43,2.89056999566613 minutes,61.63031037
Geometry,Auditory,4.825404516,7,2.24160686007916 minutes,60.28354157
Algebra,Visual,5.593916451,13,3.11953932848946 minutes,59.81329904
Calculus,Visual,10.77845102,49,2.42092978653893 minutes,72.58888284
Algebra,Auditory,4.418741225,8,3.65245729966065 minutes,48.73512265
Calculus,Visual,7.809573321,38,3.35607259673721 minutes,67.66622363
Algebra,Auditory,6.091994698,12,4.32574803371068 minutes,70.08035707
Precalculus,Auditory,5.829068235,15,4.00660922598018 minutes,59.1308694
Statistics,Auditory,8.655703958,28,190 seconds,84.75347262
Algebra,Visual,4.407116014,15,7.65709301813036 minutes,32.58638409
Calculus,Auditory,9.03480741,44,5.64898388749905 minutes,50.39865385
Calculus,AUDITORY ,3.634778514,19,6.18010522740548 minutes,42.55087742
Geometry,Auditory,4.331412058,10,2.97866847516687 minutes,64.17457637
Algebra,Kinesthetic,3.46730819,13,4.21446279059276 minutes,56.34356505
Algebra,Visual,3.362481874,10,2.36160687275137 minutes,77.11894295
Geometry,visual,3.446160673,6,4.14535636589897 minutes,66.2748232
Calculus,Visual,10.37039826,50,4.21883059057912 minutes,56.17171529
Geometry,Visual,6.371238101,16,2.48087150762686 minutes,66.16501523
Geometry,Visual,3.051902008,7,3.59901639540116 minutes,42.9997471
Precalculus,Auditory,6.34875759,16,283 seconds,47.27225268
Geometry,Visual,3.33118202,7,4.34649149430784 minutes,54.16636485
Geometry,Visual,3.423390161,11,201 seconds,60.43862137
Algebra,Kinesthetic,4.288118672,15,2.24498148028367 minutes,57.81452337
Algebra,Auditory,2.970964,10,4.27309193657844 minutes,54.94153163
Calculus,Visual,10.48369996,56,3.49643421075421 minutes,65.52998342
Precalculus,Kinesthetic,5.077047198,18,5.09236633668251 minutes,52.15178054
Algebra,Visual,5.304223464,18,2.29558145859686 minutes,70.81671181
Precalculus,Audio,4.452746604,15,7.46988250228643 minutes,37.29800202
Precalculus,Visual,3.69755733,14,2.34438484317834 minutes,52.30976485
Geometry,Visual,6.372128362,17,2.2272463782155 minutes,66.96985018
Calculus,Kinesthetic,7.595178729,39,1.74518481326146 minutes,71.00301556
Geometry,Visual,4.641398361,14,3.72361196811955 minutes,55.87974388
Calculus,Kinesthetic,7.173088316,36,3.69492648467855 minutes,55.38170626
Geometry,Visual,6.988862514,21,1.53938978367224 minutes,67.02963905
Calculus,Visual,6.254583413,23,272 seconds,50.55628528
Geometry,Kinesthetic,2.875887333,11,2.15854085041006 minutes,57.81142173
Geometry,Visual,4.070577421,12,4.27494369535738 minutes,49.93864608
Calculus,Visual,4.037521829,17,2.86785806776962 minutes,51.23178886
Precalculus,Auditory,NA,22,299 seconds,48.53662524
Geometry,Visual,5.28855447,16,3.0328590865338 minutes,70.58290792
Algebra,Visual,4.810757961,13,1.98440811738042 minutes,87 percent
Geometry,Visual,4.934978968,12,3.25061713954431 minutes,58.6279851
Geometry,Visual,4.234759338,8,206 seconds,62.19013488
Calculus,Auditory,5.441453466,14,4.9785078957121 minutes,59%
Calculus,visual,10.12964101,41,1.75095422085665 minutes,73.45774119
Calculus,Visual,4.434538318,15,4.26755831783868 minutes,46.22055882
Geometry,Visual,5.660448413,12,3.02348213155262 minutes,69.93024172
Calculus,Kinesthetic,5.018470873,23,2.14097667658115 minutes,49.89766557
Algebra,Auditory,NA,7,264 seconds,53.34167871
Algebra,Auditory,2.888964217,6,7.52567724803462 minutes,33.53211139
Precalculus,Visual,4.953316635,19,5.03410613447695 minutes,45.49136768
Statistics,Visual,9.538731834,36,2.01560771835565 minutes,83.98272012
Geometry,Visual,NA,19,2.19943222681856 minutes,69.08501659
Geometry,Kinesthetic,0.782654464,12,2.81047367193033 minutes,67.76579588
Algebra,Kinesthetic,3.689618624,16,3.15684496150814 minutes,36.35216359
Statistics,Visual,5.096374127,25,3.72418987225399 minutes,66.78072088
Algebra,Auditory,2.295060718,10,2.7394318496775 minutes,50.40303656
Algebra,Visual,NA,17,1.54014916867379 minutes,69.25738233
Calculus,Visual,8.32491379,44,4.28794481155656 minutes,53.37008483
Geometry,Visual,4.507240141,11,2.30671849662848 minutes,69.12315023
Algebra,Visual,7.459055351,15,3.10404121687388 minutes,82.39258183
Calculus,Auditory,NA,13,7.21058649162586 minutes,32.68341071
Algebra,Visual,5.757329081,12,3.89465310043136 minutes,56.21470618
Algebra,Auditory,3.566465094,10,5.81169070403397 minutes,60.77890549
Precalculus,Visual,7.313026821,23,1.76918227012888 minutes,71.43018614
Algebra,Visual,3.819003449,10,5.04550360977225 minutes,54.98908962
Algebra,Kinesthetic,2.609203156,9,3.93149437030758 minutes,51.31087666
Algebra,Kinesthetic,0.9344305,9,2.87097084436152 minutes,50.03354236
Calculus,Visual,NA,29,3.92741750271865 minutes,60.83268612
Algebra,Kinesthetic,7.218118702,14,2.60502134467071 minutes,61.50494009
Calculus,visual,10.47425552,30,4.40169963493537 minutes,75.10649229
Algebra,Auditory,6.513358234,14,1.50938488531085 minutes,78.54063773
Geometry,Visual,6.372447977,19,5.03285453524913 minutes,60.41752707
Precalculus,Auditory,7.788525416,21,1.9633553493408 minutes,78.45426534
Algebra,Auditory,5.354314622,11,1.46022708129286 minutes,60.22240785
Algebra,Visual,5.213088648,19,3.94365616424606 minutes,71.92632549
Statistics,kinesthetic,3.834942452,18,1.94936997538885 minutes,63.31920815
Geometry,Auditory,3.700597894,9,3.85613959624106 minutes,57.76045984
Precalculus,Visual,2.798320007,16,2.4922081018869 minutes,53.88091169
Calculus,Auditory,7.485455715,25,2.21083297435793 minutes,58.38624831
Precalculus,Visual,7.798711352,27,2.4600156370546 minutes,67.28370496
Statistics,Visual,8.063845113,31,4.0117139880848 minutes,76.79998891
Algebra,Visual,4.642699057,13,206 seconds,71.50403726
Calculus,Visual,6.630930957,34,3.07291588424296 minutes,74.39068722
Calculus,Visual,16.22629361,106,1.84813180206758 minutes,93.69571567
Precalculus,Visual,7.473371063,23,2.9812418153902 minutes,62.24417034
Geometry,Kinesthetic,6.130862957,24,2.18000702765866 minutes,80.04348615
Algebra,Visual,3.993479039,14,2.57255142728732 minutes,52.40208333
Geometry,Auditory,4.443063559,15,4.1748548971003 minutes,54.45492245
Algebra,Auditory,4.672910647,9,2.3575600097509 minutes,68.98584801
Calculus,Visual,12.19130578,60,3.04567698517313 minutes,68.32990019
Geometry,Kinesthetic,3.532788182,11,2.6283883052992 minutes,45 percent
Algebra,Kinesthetic,4.7804235,15,2.08254813246487 minutes,69.85211707
Precalculus,Kinesthetic,0.810370731,10,343 seconds,48.34549825
Calculus,Auditory,6.231863915,16,4.52254432592526 minutes,45.27123029
Geometry,Visual,3.061986385,10,156 seconds,53.97826327
Precalculus,Auditory,7.726725435,27,2.01253931216654 minutes,63.73043974
Algebra,Kinesthetic,3.253320368,14,3.41417037759664 minutes,68.478578
Algebra,Kinesthetic ,2.914438877,16,1.01274024331494 minutes,60.0712947
Statistics,Auditory,8.238199692,27,178 seconds,64.01599863
Precalculus,Visual,8.232545716,26,3.11738981129467 minutes,64%
Calculus,Visual,5.754946991,22,2.66018304195296 minutes,55.44988604
Geometry,Kinesthetic,4.641799731,14,2.70116360947524 minutes,56.14225196
Geometry,Visual,3.157333147,14,4.63305649283942 minutes,57.3368373
Precalculus,Kinesthetic,4.048769952,17,1.56079784250195 minutes,63.96367368
Calculus,Kinesthetic,11.04144409,66,1.55561203053872 minutes,81.793226
Geometry,Auditory,6.675191927,18,6.2653574165671 minutes,48.41826477
Algebra,Visual,6.163528133,22,114 seconds,79.97907632
Precalculus,Kinesthetic,3.858192227,19,2.16348324503429 minutes,34.63366567
Precalculus,Kinesthetic,1.237137059,9,3.06304478514978 minutes,55.77003616
Algebra,Kinesthetic,1.736452724,9,2.62164853234437 minutes,56.36106403
Algebra,Visual,5.928834787,15,2.95878595716223 minutes,65.06389182
Precalculus,Visual,5.418864228,18,2.74966788985134 minutes,67.18602594
Precalculus,Visual,1.674783709,8,5.74105223589881 minutes,30.02944739
Calculus,Auditory,7.049531281,35,5.65434796346049 minutes,45.69528473
Geometry,Visual,7.115358832,18,3.13489261061865 minutes,69.95551652
Geometry,Visual,5.965202961,16,4.02839001632106 minutes,49.7986347
Precalculus,Visual,4.357482913,11,3.12847685348494 minutes,57.51255636
Calculus,Auditory,3.63520837,13,6.10665214076104 minutes,37%
Calculus,Visual,5.933631936,31,329 seconds,48.04709319
Algebra,Kinesthetic,3.551791507,16,2.54999205105144 minutes,50.834115
Geometry,Visual,6.332110551,17,3.14520649597348 minutes,76.25497212
Geometry,Kinesthetic,1.090089768,16,3.18208438001905 minutes,38.61353455
Calculus,Kinesthetic,9.558004388,56,2.6764832265572 minutes,57.50126859
Calculus,Visual,8.013644316,35,3.64577469129809 minutes,58.54044599
Algebra,Visual,5.354668454,19,1.72215619868498 minutes,84.87967349
Precalculus,Auditory,2.193488874,9,5.95528473141571 minutes,39.42540198
Algebra,Auditory,3.00001843,3,249 seconds,52.1658055
Algebra,Visual,3.827648716,10,5.95038123560544 minutes,48%
Calculus,Kinesthetic,9.609728371,40,2.1799119736806 minutes,72.61216853
Algebra,Visual,6.042261071,13,3.00111285776419 minutes,73 percent
Precalculus,visual,6.870180918,29,1.37284753988443 minutes,79.54740893
Algebra,Visual,6.906318272,21,1.85590411111263 minutes,87.08075834
Algebra,Auditory,3.2268832,10,2.73956996835874 minutes,53.07816487
Geometry,Visual,6.518805791,14,4.90241812074597 minutes,58.54658424
Algebra,Visual,4.446089955,9,3.13182170182851 minutes,65.80400267
Algebra,Auditory,2.998986856,12,3.92276133383519 minutes,61.10187568
Geometry,Visual,6.385070057,19,3.16430104883264 minutes,64.62848978
Geometry,Kinesthetic,6.071650496,24,1.78470641312313 minutes,74.90311979
Calculus,Auditory,9.69562604,36,4.19031234494852 minutes,58.922948
Algebra,Auditory,NA,10,6.96836804285943 minutes,39.67813907
Geometry,Kinesthetic,3.295318549,22,3.3140055793149 minutes,64.48590683
Geometry,Visual,7.06651377,21,211 seconds,52.78029015
Precalculus,Visual,6.705652813,18,2.44684266248209 minutes,69.58245225
Precalculus,Auditory,7.159147959,30,3.50841657218488 minutes,71.57368515
Calculus,Kinesthetic,6.153245041,34,3.74656457691492 minutes,52.30468263
Calculus,Visual,11.15258734,53,131 seconds,83.09442536
Statistics,Auditory,3.88248971,13,5.43619518383355 minutes,42.22664518
Geometry,Visual,5.938027281,14,407 seconds,52.1776184
Geometry,visual,3.774237552,13,2.36720633256523 minutes,62.96217059
Algebra,Auditory,0.5,4,6.64470025220224 minutes,34%
Geometry,Kinesthetic ,1.985563734,8,2.27478880941168 minutes,44.25012972
Algebra,Kinesthetic,3.704442799,12,183 seconds,57.46503563
Algebra,Visual,5.824384124,15,1.82012231144584 minutes,66.08661589
Precalculus,Visual,2.497395834,10,6.12143686471983 minutes,38.07456969
Geometry,Visual,3.122863297,11,2.25975005763737 minutes,69.41682992
Algebra,Kinesthetic,6.146818995,13,2.3188834162781 minutes,63.47594515
Algebra,Kinesthetic,2.849150975,12,4.72483016025973 minutes,49.65657158
Geometry,Auditory,5.258550198,16,188 seconds,62.96588831
Algebra,Kinesthetic,2.709597018,12,2.66638539895375 minutes,56.28757075
Algebra,Auditory,3.552125672,10,395 seconds,51.18794695
Geometry,visual,5.13086631,13,7.37584869848326 minutes,45.90136038
Geometry,Visual,5.016442764,17,8.32969605400754 minutes,44.13262377
Calculus,Auditory,7.018599472,24,4.00242705311023 minutes,49.07116834
Algebra,Visual,3.795305272,11,2.15319640409549 minutes,62.2721249
Algebra,Visual,0.5,6,5.74876011683837 minutes,35.91665452
Calculus,Kinesthetic,11.67163875,67,2.5491993102095 minutes,79.43504909
Algebra,Kinesthetic,6.185636312,21,3.42821893296567 minutes,74 percent
Precalculus,Auditory,3.297836517,12,5.22762038840783 minutes,41.34390586
Geometry,Visual,4.747838717,18,3.28979766585582 minutes,45%
Geometry,Visual,7.062912957,14,5.34063871646472 minutes,52.65477595
Algebra,Kinesthetic,4.997435035,14,2.55464176896852 minutes,56.92496396
Geometry,Kinesthetic,5.914902428,17,190 seconds,72.21395191
Precalculus,Visual,3.856506164,18,4.78206262542311 minutes,52.49028132
Geometry,Visual,8.865902144,24,2.30296441333551 minutes,90.12742486
Precalculus,Visual,3.73308008,9,3.75758046694034 minutes,56.41736663
Precalculus,Kinesthetic,6.507832684,26,2.26059942835566 minutes,53.73423683
Geometry,Visual,5.211913971,14,1.46665011056582 minutes,74.24662003
Geometry,Auditory,3.894434523,3,8.75904333075588 minutes,25.87596491
Algebra,auditory,3.430876303,7,2.16095762371474 minutes,61.17651176
Algebra,Auditory,2.512904781,10,3.12239629225234 minutes,55.17313563
Statistics,Kinesthetic,8.245319592,30,2.18388369008976 minutes,72.02726069
Algebra,Visual,4.634269842,13,4.90734723691149 minutes,54.22250519
Geometry,Audio,4.888826924,22,3.30298095864716 minutes,76.78629136
Precalculus,Visual,6.419265666,29,4.51058784245723 minutes,72.2882438
Precalculus,Auditory,4.749658494,26,3.39011932201686 minutes,51.08690436
Calculus,Visual,5.164946888,17,9.85232133056578 minutes,30.76363883
Precalculus,Visual,6.507452619,23,3.95473279960692 minutes,71.19477928
Precalculus,Kinesthetic,0.8127211,13,5.045603648838 minutes,47.58676471
Calculus,Visual,4.453582643,21,7.0679653219682 minutes,31.97215831
Precalculus,Auditory,3.34720661,11,2.76909376481877 minutes,66.02476861
Precalculus,Visual,3.842642275,12,4.31639663508275 minutes,46.39910084
Algebra,Visual,4.660783225,5,4.07467370407783 minutes,58.74168192
Geometry,Auditory,6.897731322,20,2.19743577797447 minutes,71.93819894
Calculus,Auditory,3.71168964,15,6.2098487851667 minutes,22.39766613
Precalculus,Visual,6.867352041,26,2.32596975057469 minutes,68.68555234
Calculus,Kinesthetic,9.248861883,64,2.66941423374561 minutes,52.164567
Algebra,Kinesthetic,2.015701697,17,1.30042441778967 minutes,46.77796381
Algebra,Auditory,3.920800898,9,4.22947350046012 minutes,57.35598698
Calculus,Visual,10.05902726,41,2.47966094521156 minutes,76.17188058
Statistics,Kinesthetic,4.488981795,18,302 seconds,58.73533477
Algebra,Kinesthetic,3.168973479,12,1.23499853941233 minutes,67.7136572
Algebra,Kinesthetic,3.961590187,13,2.60950743676306 minutes,55.99296334
Statistics,Auditory,5.379973493,15,4.26094210733941 minutes,50.31811488
Algebra,Kinesthetic,2.666520665,10,4.23511123667151 minutes,57.35597859
Algebra,Auditory,3.792077471,10,1.97174288483246 minutes,75.39519315
Geometry,Visual,7.824259689,27,116 seconds,83.23746089
Algebra,Visual,5.810503019,14,224 seconds,66.45388552
Geometry,Visual,3.628104391,10,4.77918682291388 minutes,51.59522193
Precalculus,Kinesthetic,2.510164755,14,4.22075007437798 minutes,59.54389789
Algebra,Auditory,3.460026639,9,4.33525537143753 minutes,33.28330454
Precalculus,Kinesthetic,7.657549402,41,67 seconds,83%
Calculus,Visual,8.731697796,38,4.89370447257845 minutes,58.90354928
Algebra,Kinesthetic,2.447742145,8,3.36900407441922 minutes,44.21820336
Algebra,Kinesthetic,4.823351852,12,1.2113218894655 minutes,76 percent
Algebra,Auditory,3.799944417,4,4.21336985860128 minutes,44.63246617
Algebra,Auditory,2.318982251,3,7.53067290984014 minutes,37.58569498
Geometry,Auditory,5.191788681,11,4.95649549348993 minutes,55.09248617
Geometry,Visual,7.286214215,23,1.99104942998895 minutes,75.91509621
Geometry,Auditory,5.151702447,14,5.09591396179149 minutes,38.80297165
Calculus,Auditory,7.980000928,32,3.55404976777491 minutes,62.52268608
Algebra,visual,3.515635307,8,4.16908120282164 minutes,51.75900549
Algebra,Kinesthetic,4.352597796,14,3.58504361650356 minutes,53.0351901
Geometry,Kinesthetic,2.394144198,14,3.52369683371685 minutes,42.54575811
Algebra,Visual,2.020276463,13,2.65950715335494 minutes,50.22024908
Geometry,visual,4.934970847,16,4.3620453675195 minutes,51.62405793
Geometry,Visual,4.948109741,17,5.58996825228443 minutes,63.65743988
Geometry,Visual,8.547583298,22,1.67710435416815 minutes,84.62834357
Algebra,Kinesthetic,1.675479038,9,2.908687770678 minutes,55.66036163
Algebra,Kinesthetic,3.756359485,15,3.74528694124313 minutes,70.4593993
Geometry,Visual,6.20757964,18,2.03952006502555 minutes,84.09083536
Precalculus,Auditory,7.601185688,29,1.61913336947195 minutes,79.95370903
Precalculus,Kinesthetic,4.978551031,29,2.23198983194499 minutes,53.2544745
Calculus,Auditory,5.641859646,20,8.03150810551797 minutes,47.5768242
Calculus,Auditory,7.33553987,21,2.76136007747752 minutes,60%
Precalculus,Visual,9.879511984,27,2.39564316817626 minutes,75.17145043
Calculus,Auditory,8.70684752,29,6.04438843262801 minutes,54.69347817
Algebra,Visual,1.433284391,9,3.94110243063729 minutes,52.23005826
Algebra,Visual,6.635188693,17,3.22978395374223 minutes,65.38891076
Algebra,Visual,5.310753991,10,5.95708070362866 minutes,59.12120378
Geometry,Visual,4.949642342,19,4.32275659340317 minutes,55.21393638
Precalculus,Auditory,5.464272758,13,5.49313038304251 minutes,45.08697101
Calculus,Auditory,7.125525701,36,5.14172589367745 minutes,51.04531715
Algebra,Visual,4.884839221,12,1.91775275053695 minutes,63.15847215
Calculus,Visual,6.740332667,24,6.0131165073998 minutes,50.68444916
Algebra,Auditory,4.415516877,10,4.46644587758098 minutes,54.58866651
Precalculus,Auditory,3.63728795,11,5.80289675705012 minutes,40.96914819
Calculus,Visual,8.500367188,45,207 seconds,69.61502048
Geometry,Visual,6.660256131,23,1.59050978226595 minutes,60.22411518
Algebra,Kinesthetic ,4.26380917,10,171 seconds,62.45615376
Algebra,Visual,6.050624515,12,4.75032897236249 minutes,68.03007951
Algebra,Auditory,2.363696857,9,3.19466969279218 minutes,62.08184417
Calculus,Kinesthetic,7.136981961,44,1.44939406155165 minutes,85.31902692
Calculus,Visual,9.543125757,45,6.69187772480788 minutes,50.45754904
Geometry,Visual,3.397992698,9,3.09176744826908 minutes,50%
Algebra,Auditory,6.348721506,13,4.84982311222333 minutes,61.99846711
Geometry,Auditory,2.947787984,9,5.62142795282642 minutes,31.30941427
Calculus,Visual,8.411296771,37,6.91112935090149 minutes,60.98201558
Geometry,Visual,5.227748496,14,3.14169917197252 minutes,55.24981643
Algebra,AUDITORY ,4.182505453,6,3.61184737189699 minutes,60.3549788
Algebra,Kinesthetic,3.184363125,11,5.54257044827541 minutes,44.54290446
Geometry,visual,5.674905181,19,413 seconds,31.58243746
Algebra,Auditory,2.453253262,9,4.61401594616261 minutes,51.65958379
Geometry,Visual,3.065953718,9,253 seconds,43.88277989
Geometry,Auditory,3.518147043,12,5.36445672322347 minutes,55.41079726
Algebra,Visual,4.414013844,14,2.30083495587043 minutes,47.34391731
Algebra,Auditory,5.885121731,11,3.98942740059731 minutes,60.16178412
Algebra,Auditory,6.38118121,16,1.96755725770069 minutes,63.15518794
Statistics,Auditory,6.138962925,16,3.91868709111619 minutes,69.18962619
Geometry,Auditory,5.072387434,7,343 seconds,43.20506219
Geometry,Visual,4.634532675,16,2.35087750817022 minutes,73.1651864
Precalculus,Kinesthetic,5.096106168,27,3.86703403314619 minutes,52.52240599
Precalculus,Auditory,2.690908278,15,5.88954667451938 minutes,42.52541871
Algebra,Visual,4.934900593,12,5.39522684544098 minutes,67.1500149
Precalculus,Auditory,4.428892835,13,10.859673195607 minutes,20.09335629
Geometry,Kinesthetic,4.50201816,19,2.00534420752609 minutes,78.76981248
Calculus,Auditory,6.635046652,25,5.5288457351705 minutes,57.13579025
Precalculus,Auditory,NA,16,493 seconds,46.34647451
Algebra,Visual,4.171332935,10,3.5664749754382 minutes,42.3849137
Algebra,Auditory,3.449642634,7,3.14600150288738 minutes,55.93029215
Algebra,Visual,6.141867312,14,1.85311083989275 minutes,61.3334425
Geometry,Kinesthetic,4.313812124,15,4.71778747566164 minutes,58.30534686
Geometry,Visual,5.648737139,22,7.95249941699171 minutes,56.50054406
Precalculus,Kinesthetic,2.518292828,15,2.36793452048154 minutes,49.20147704
Algebra,Visual,6.745232564,19,156 seconds,68.32996263
Precalculus,Visual,6.318740882,23,1.75474200436438 minutes,57.33940414
Statistics,Kinesthetic,3.287437193,16,233 seconds,58.53569267
Precalculus,Auditory,6.118093291,24,3.21074961029945 minutes,73.8010379
Algebra,Kinesthetic,4.805651045,14,2.40580263292522 minutes,50.91560996
Geometry,Visual,2.924484293,11,12.0671982039855 minutes,6.997019903
Algebra,Kinesthetic,6.035160455,26,1.12166094049912 minutes,83.64189675
Algebra,Auditory,3.762953942,8,4.64314305395826 minutes,63.21482123
Precalculus,Kinesthetic,7.242341561,34,4.86520568491742 minutes,61.28352699
Algebra,Kinesthetic,3.608391979,13,2.04501894047568 minutes,64.69606843
Precalculus,Auditory,4.835154311,14,3.16924265394165 minutes,52.56499738
Geometry,Auditory,1.74761993,8,4.86777348854554 minutes,47.20193417
Precalculus,Visual,3.799655563,11,7.45594057599883 minutes,35.51297554
Precalculus,Visual,5.9173194,19,3.05858082419605 minutes,79.89203772
Geometry,Visual,6.241778818,26,1.73956543894896 minutes,70 percent
Precalculus,Auditory,NA,10,5.7082555204479 minutes,14 percent
Precalculus,Visual,8.750882225,31,72 seconds,83.44245832
Algebra,Kinesthetic ,5.598485696,19,1.19836796074066 minutes,62.1328065
Algebra,Auditory,2.285025616,10,6.17716865612294 minutes,49.77966666
Statistics,AUDITORY ,6.444601124,11,5.69773946510553 minutes,40.40649625
Precalculus,Auditory,3.432721573,11,2.09078310441007 minutes,55.60314539
Precalculus,VISUAL,5.749600043,13,4.95205265475675 minutes,57.60622049
Algebra,Auditory,5.392994108,11,1.33269804300663 minutes,69.02825142
Geometry,Visual,6.302509472,16,2.45415794300538 minutes,53.8636861
Algebra,Visual,3.226238095,16,3.49097487158983 minutes,48.18023039
Calculus,Audio,6.533408864,27,2.63501426219345 minutes,53.9867343
Algebra,Visual,NA,9,5.92727742200178 minutes,60.78378494
Algebra,Auditory,4.50931549,17,5.14355051158995 minutes,53.35709666
Algebra,Visual,2.161387253,4,3.38593059819417 minutes,63.8928757
Algebra,Kinesthetic,0.5,4,6.17833789238816 minutes,36.80093158
Precalculus,Kinesthetic,NA,40,2.34725290027358 minutes,66.64737497
Statistics,Visual,10.54694583,37,3.39838882475519 minutes,86.70731547
Precalculus,Visual,5.08993292,15,5.05692124555972 minutes,43.63931709
Geometry,Visual,6.141653731,19,1.69947798970128 minutes,84.39156797
Geometry,Visual,4.988745824,17,1.37372487359041 minutes,77.97761004
Calculus,Kinesthetic,10.6857845,58,5.63195618857015 minutes,63.10029696
Algebra,Visual,NA,26,2.72382178059414 minutes,73.91766585
Algebra,Auditory,4.305495948,18,3.66516136089441 minutes,61.56536866
Calculus,Kinesthetic,2.502158871,15,3.01788866273982 minutes,42.92527916
Geometry,Visual,6.624433521,21,4.25901386896011 minutes,61.04994827
Algebra,Auditory,3.473719577,15,430 seconds,38.51855725
Precalculus,Visual,3.193019831,12,8.25038372119932 minutes,44.58524291
Geometry,auditory,4.197305003,13,1.68357516783621 minutes,69.47207025
Precalculus,Auditory,5.24644368,16,2.75432190689757 minutes,59.72859154
Algebra,Visual,6.088810309,15,2.8335460393052 minutes,60.09475206
Algebra,Visual,2.748905952,14,259 seconds,57.2575705
Algebra,Kinesthetic,2.663534559,8,2.45950896198555 minutes,49.36008921
Geometry,visual,7.232179893,17,1.95889070291105 minutes,67.10310585
Geometry,Kinesthetic,6.037998653,15,2.70977948658394 minutes,80.88393321
Algebra,Visual,6.244821816,19,1.75377144453238 minutes,63.41630779
Algebra,KINESTHETIC,5.992285918,16,5.00023088779323 minutes,50.4154713
Precalculus,Visual,6.40806196,26,92 seconds,67.14016501
Geometry,Visual,4.12717447,16,241 seconds,53.01051082
Calculus,Visual,9.388010155,49,1.42484474686673 minutes,67.50251236
Precalculus,Kinesthetic,7.117446252,27,2.04081123494712 minutes,67.12518031
Algebra,Visual,8.120449907,20,4.16443998365161 minutes,61 percent
Precalculus,Visual,2.070035335,13,7.2822605607576 minutes,46.70290245
Calculus,Kinesthetic,NA,44,1.65571949648342 minutes,68.99293603
Precalculus,VISUAL,7.309589166,18,1.83670201899589 minutes,79 percent
Algebra,KINESTHETIC,3.418102017,15,2.60958199800732 minutes,49.18126983
Calculus,visual,4.105444379,17,3.63621820208118 minutes,51.27419663
Precalculus,VISUAL,7.483001784,28,3.47757078318379 minutes,71.26371426
Algebra,Visual,3.331371388,10,2.31725250509533 minutes,64.03800098
Precalculus,Visual,7.011722998,32,1.5391614472678 minutes,74.00295742
Calculus,Kinesthetic,9.268879265,43,2.26696316060644 minutes,61.18267346
Geometry,Visual,6.925935516,11,1.90178383957168 minutes,67.13268634
Algebra,Visual,2.163204304,10,337 seconds,43.86694426
Algebra,Visual,6.122612772,14,2.41798507316615 minutes,64.33977251
Algebra,Auditory,2.864527965,13,3.60338250051831 minutes,61.77541915
Geometry,Visual,3.066470789,9,6.84327706004373 minutes,56.2777275
Precalculus,Kinesthetic,7.628641332,31,4.92962270487607 minutes,69.27176087
Precalculus,Visual,8.292519947,28,2.77977491348385 minutes,75.09680953
Geometry,kinesthetic,3.636125098,11,3.42226140791617 minutes,53.90952554
Calculus,Kinesthetic,8.898851766,51,4.44102655095069 minutes,64.94480019
Precalculus,Auditory,3.779348517,11,4.57232127577925 minutes,42 percent
Algebra,Visual,4.273452631,17,1.90843604668086 minutes,70.84033957
Geometry,Auditory,4.359415149,12,341 seconds,50.17053628
Algebra,Visual,4.078889918,14,100 seconds,49.905424
Precalculus,Auditory,6.968197473,13,3.64634225160826 minutes,75.92539282
Calculus,Auditory,11.34331884,46,2.74405053573228 minutes,63.28004628
Geometry,Visual,4.316343406,7,3.1747367316502 minutes,38.3232151
Calculus,visual,7.918353869,30,77 seconds,71.98900415
Geometry,Auditory,6.955136024,16,149 seconds,69.81763588
Precalculus,Auditory,4.841916059,15,431 seconds,41.63900668
Geometry,Visual,1.093942744,9,3.6042306193649 minutes,51.35020657
Precalculus,Auditory,6.527967573,24,2.77670616098899 minutes,55.39030306
Calculus,Auditory,5.283829972,19,4.13885690539956 minutes,55.38132096
Calculus,Auditory,5.003653985,19,3.86124053852424 minutes,62.09687028
Algebra,Auditory,6.13122522,13,3.29393562387323 minutes,58%
Algebra,Visual,8.171997011,21,2.87413517232038 minutes,77.65357309
Algebra,auditory,2.440326188,8,7.44959632465868 minutes,35.72690136
Calculus,Auditory,10.07756295,42,1.87645678164831 minutes,73.48539337
Geometry,Kinesthetic,3.858778242,14,197 seconds,64.45221767
Algebra,Auditory,4.212711189,20,2.9064727923316 minutes,65.26159979
Statistics,Audio,7.944473403,23,4.1469672323272 minutes,80.2622046
Geometry,Visual,5.320511778,17,121 seconds,66.26956747
Geometry,Kinesthetic,2.722951969,14,3.01935858062919 minutes,66.70964255
Geometry,Auditory,3.794386688,11,2.52845511134559 minutes,56.18162171
Algebra,Visual,5.529202883,15,3.64834626137523 minutes,62.69680912
Calculus,Kinesthetic,1.16013167,12,3.75196667968925 minutes,36.97036951
Algebra,Visual,6.142866573,13,2.88207710262223 minutes,71.04924625
Geometry,Auditory,2.149274852,9,1.94642997655246 minutes,61.22749632
Calculus,Auditory,7.554827657,16,5.72442452977228 minutes,50.65029975
Precalculus,Audio,5.119282045,20,373 seconds,51.89050934
Precalculus,Visual,8.586138972,26,3.86978513801037 minutes,61.61825874
Algebra,Auditory,4.283273973,20,282 seconds,54.15679335
Geometry,Visual,5.152908702,15,1.83460695469586 minutes,74.07869288
Algebra,Auditory,5.047203713,11,3.1857654737 minutes,70.63429591
Precalculus,Kinesthetic,3.345970888,17,3.26163342640077 minutes,55.69623761
Calculus,Auditory,7.01025286,29,5.97310128693506 minutes,54.51193775
Algebra,Visual,6.266376621,14,2.56653276172333 minutes,77.24445038
Precalculus,Visual,7.366947242,17,185 seconds,71.60818201
Geometry,VISUAL,3.08675494,14,6.958062107706 minutes,41.21904818
Statistics,Auditory,6.775912735,15,6.71558694307512 minutes,49.08044889
Algebra,VISUAL,2.433615563,12,1.70660161016222 minutes,69 percent
Geometry,Visual,4.102533794,13,2.94840592730481 minutes,57.73681218
Calculus,Kinesthetic,10.02730096,57,1.62687488230445 minutes,73.68621184
Calculus,Visual,2.372387061,19,18.5613524143519 minutes,0
Algebra,Auditory,1.331478714,8,3.61968174940326 minutes,37.74717146
Statistics,Visual,8.602745346,35,4.63297361534621 minutes,70.3990369
Geometry,Visual,3.777810824,14,3.57014213293739 minutes,62.84816387
Geometry,Visual,6.865560528,16,2.98008171609711 minutes,68.25438755
Geometry,Kinesthetic,3.747624699,18,3.23686024533507 minutes,71.6074753
Algebra,Visual,5.141663518,9,3.03500524234543 minutes,63.21563415
Algebra,Kinesthetic,4.719918334,15,3.333529661834 minutes,65.41383725
Geometry,Visual,4.023182196,10,4.58732277919311 minutes,58.16313522
Algebra,Auditory,3.543113615,5,2.22746924575053 minutes,67%
Geometry,Auditory,3.877354246,10,3.26876927149256 minutes,60.15369104
Algebra,Visual,8.724126414,22,1.76929095510493 minutes,79.60939022
Geometry,Visual,5.189220604,18,2.46449641989559 minutes,71.45520876
Algebra,Audio,4.709200635,10,5.42588003202281 minutes,54.291346
Statistics,Auditory,4.818492918,19,8.20671810102081 minutes,42.15473383
Algebra,Visual,4.137314036,10,2.28174408541464 minutes,71.16671657
Geometry,Visual,7.068132003,21,3.2884192322022 minutes,74.97164428
Statistics,Visual,5.322232661,14,2.68846028845618 minutes,64.60770819
Precalculus,Visual,6.040272606,27,2.56537095886528 minutes,63.72325797
Algebra,Auditory,4.565443246,14,3.72140581764577 minutes,70.27800228
Geometry,Visual,4.352414382,7,3.62172263913103 minutes,58.05657044
Geometry,Visual,7.938596234,13,2.16219903297198 minutes,71.10474518
Geometry,Auditory,2.357310582,8,2.80064265331794 minutes,46.7124728
Geometry,Visual,8.01693947,33,1.99941828486026 minutes,79.78367298
Precalculus,Visual,5.296816222,21,3.608881151074 minutes,63.17684801
Algebra,Visual,6.53567947,27,2.90100846741989 minutes,62.62735753
Calculus,Visual,3.002056472,22,3.72734764301201 minutes,38.21539734
Geometry,Visual,6.434120932,20,3.49686107043676 minutes,67.70500232
Geometry,Visual,6.314646897,21,1.72628415885019 minutes,66.60341073
Algebra,Visual,2.593174543,2,238 seconds,61.71185774
Precalculus,Kinesthetic,3.463352243,9,4.62435537350144 minutes,37.21111916
Geometry,Visual,5.290287268,16,2.3400589255268 minutes,54.97389758
Precalculus,Visual,8.287670858,37,1.94328817449979 minutes,75.2999994
Algebra,Kinesthetic,2.351001044,7,3.13822231667043 minutes,57.30697869
Calculus,Auditory,6.939685002,22,4.87108167425993 minutes,53.52641762
Algebra,Auditory,6.357020402,20,4.03421265553023 minutes,62.9223906
Algebra,Auditory,2.308979139,6,4.07438207719993 minutes,53.34305659
Precalculus,Auditory,7.395587961,21,1.78094612749061 minutes,64.4912276
Calculus,Visual,NA,35,2.67965753847398 minutes,71.65266331
Algebra,Visual,2.841278207,9,168 seconds,53.13605059
Geometry,Auditory,3.498198237,11,2.80367873839046 minutes,51.55034175
Geometry,Visual,6.174916265,10,3.74545029756707 minutes,63.50289904
Geometry,Kinesthetic,4.373439149,13,7.55545446838982 minutes,43.92067126
Precalculus,Auditory,8.350196555,24,4.46129108286787 minutes,55.73398201
Calculus,Visual,6.495540095,26,241 seconds,45 percent
Precalculus,Visual,2.571024607,10,5.89109462512819 minutes,33.84606901
Calculus,Auditory,10.11956732,39,381 seconds,39.95239208
Precalculus,Visual,4.782756763,10,3.81019920586502 minutes,56.94191839
Algebra,Visual,4.68051079,7,4.53536816493572 minutes,61.4762791
Algebra,Visual,7.078562721,11,3.48896401426704 minutes,82.61070386
Algebra,Auditory,3.624378922,7,3.85691151742084 minutes,47.71379881
Geometry,Visual,7.324332991,20,2.70545780959488 minutes,67.84226605
Algebra,Visual,2.854290525,12,263 seconds,53.44678164
Algebra,Visual,5.888266854,12,2.86868535603062 minutes,69.84143806
Geometry,Auditory,4.870198818,10,3.39129767272943 minutes,52 percent
Geometry,Visual,3.894842691,6,3.25823075919916 minutes,64.97657158
Geometry,Visual,3.079986592,9,4.42265072371744 minutes,48.87960558
Calculus,Kinesthetic,7.191609159,32,188 seconds,68%
Precalculus,Visual,6.510329525,15,3.10384303467745 minutes,51.14447138
Geometry,Kinesthetic,4.416170226,11,3.09132627532652 minutes,56.83196309
Precalculus,Visual,7.073712044,23,2.3223373835187 minutes,72.69528992
Algebra,Visual,3.809271651,10,146 seconds,60.0476325
Precalculus,Kinesthetic,7.657549402,41,1.12219707710887 minutes,82.81136686
Calculus,Kinesthetic,5.071246397,23,5.58928420593025 minutes,38.5167235
Calculus,Auditory,7.01025286,29,5.97310128693506 minutes,54.51193775
Geometry,Auditory,4.331412058,10,2.97866847516687 minutes,64.17457637
Algebra,Visual,4.75744726,12,305 seconds,50.86658453
Algebra,Auditory,4.934358194,9,3.09615828701257 minutes,61.59599318
Geometry,Kinesthetic,3.896851537,12,5.36939315109824 minutes,53.7229997
Precalculus,Visual,5.031361825,16,4.32733506451598 minutes,60.87119656
Calculus,Kinesthetic,9.741654083,49,1.64727659406954 minutes,72.81759585
Algebra,Auditory,3.2268832,10,2.73956996835874 minutes,53.07816487
Algebra,Auditory,2.864527965,13,3.60338250051831 minutes,61.77541915
Precalculus,Kinesthetic,3.463352243,9,4.62435537350144 minutes,37.21111916
Algebra,Visual,4.331160673,14,233 seconds,59.20371304
Precalculus,Visual,7.313026821,23,1.76918227012888 minutes,71.43018614
Precalculus,Kinesthetic,4.582859675,18,2.92629479468603 minutes,54.56061266
Calculus,Kinesthetic,6.153245041,34,3.74656457691492 minutes,52%
Calculus,Visual,6.495540095,26,4.01215279903964 minutes,44.66992922
Calculus,Visual,14.04051843,84,3.37687887663465 minutes,86.68204371
Geometry,Kinesthetic,3.636125098,11,3.42226140791617 minutes,53.90952554
Geometry,Visual,5.965202961,16,4.02839001632106 minutes,49.7986347
Geometry,KINESTHETIC,3.987771772,17,3.82124150378306 minutes,63.89266126
Geometry,Auditory,3.520838406,9,4.95152679007217 minutes,34.508228
Algebra,Auditory,3.543113615,5,2.22746924575053 minutes,66.60061793
Algebra,Auditory,4.418741225,8,3.65245729966065 minutes,48.73512265
Geometry,Visual,3.774237552,13,2.36720633256523 minutes,62.96217059
Precalculus,Kinesthetic,1.703010363,15,5.9892680609799 minutes,46.36730884
Algebra,Kinesthetic ,3.418102017,15,2.60958199800732 minutes,49.18126983
Geometry,Visual,1.971967011,6,4.08444093031395 minutes,47.50894926
Geometry,Visual,4.634532675,16,2.35087750817022 minutes,73.1651864
Precalculus,Kinesthetic,5.796725431,22,198 seconds,83.10667495
Algebra,Auditory,6.850204502,12,5.6080628265818 minutes,40.28697602
Precalculus,Kinesthetic,3.345970888,17,3.26163342640077 minutes,55.69623761
Algebra,Visual,2.52092203,8,127 seconds,66.2727519
Algebra,visual,2.344734835,3,2.82892856481737 minutes,46.19251318
Calculus,Kinesthetic,9.609728371,40,2.1799119736806 minutes,72.61216853
Geometry,Visual,NA,14,5.34063871646472 minutes,52.65477595
Algebra,Auditory,0.529396339,7,1.63199312796639 minutes,56.49655781
Geometry,Visual,4.949642342,19,4.32275659340317 minutes,55.21393638
Statistics,Auditory,3.106129576,10,16.5554606238147 minutes,0
Geometry,Auditory,1.74761993,8,4.86777348854554 minutes,47.20193417
Calculus,auditory,3.182197408,12,379 seconds,32.12678859
Geometry,Visual,1.991813273,8,3.6279476364754 minutes,60.82991286
Geometry,Visual,6.20757964,18,2.03952006502555 minutes,84.09083536
Geometry,Auditory,4.870198818,10,3.39129767272943 minutes,52.41720566
Calculus,Visual,2.372387061,19,18.5613524143519 minutes,0
Statistics,Auditory,8.998494726,23,3.75381151051312 minutes,71.19203878
Geometry,visual,4.891269635,21,2.56712733990959 minutes,63 percent
Precalculus,Visual,5.749600043,13,4.95205265475675 minutes,57.60622049
Calculus,Visual,10.29585293,48,2.69373174418924 minutes,79.38736348
Algebra,Visual,4.32546234,9,2.13446819216972 minutes,66.50608142
